<?xml version="1.0" encoding="UTF-8"?>
<project-private xmlns="http://www.netbeans.org/ns/project-private/1">
    <editor-bookmarks xmlns="http://www.netbeans.org/ns/editor-bookmarks/2" lastBookmarkId="0"/>
    <open-files xmlns="http://www.netbeans.org/ns/projectui-open-files/2">
        <group>
            <file>file:/C:/Users/Monica/Documents/NetBeansProjects/Outros/projectMCM/src/projectmcm/controller/gerente/FXMLAnchorPaneGerentePlanosController.java</file>
            <file>file:/C:/Users/Monica/Documents/NetBeansProjects/Outros/projectMCM/src/projectmcm/controller/gerente/FXMLVBoxGerenteController.java</file>
            <file>file:/C:/Users/Monica/Documents/NetBeansProjects/Outros/projectMCM/src/projectmcm/controller/FXMLLoginPrincipalController.java</file>
            <file>file:/C:/Users/Monica/Documents/NetBeansProjects/Outros/projectMCM/src/projectmcm/controller/admin/FXMLAnchorPaneAdminAgenciasController.java</file>
            <file>file:/C:/Users/Monica/Documents/NetBeansProjects/Outros/projectMCM/src/projectmcm/controller/gerente/FXMLAnchorPaneGerenteVeiculosController.java</file>
            <file>file:/C:/Users/Monica/Documents/NetBeansProjects/Outros/projectMCM/src/projectmcm/controller/locador/FXMLVBoxLocadorController.java</file>
        </group>
    </open-files>
</project-private>
